Nama Berkas,Algoritma,Ukuran Berkas (byte),Waktu Enkripsi (ms),Waktu Dekripsi (ms),Entropi Plaintext,Entropi Ciphertext,Avalanche Effect (%),Dekripsi Identik
File Teks 1 KB,AES-256-GCM,1024,571.32,541.14,4.8781,7.818,49.87,Ya
File Teks 1 KB,ChaCha20-Poly1305,1024,478.48,475.73,4.8781,7.8205,49.19,Ya
File Teks 1 MB,AES-256-GCM,1048576,474.74,472.76,4.8803,7.9998,50.01,Ya
File Teks 1 MB,ChaCha20-Poly1305,1048576,495.58,501.53,4.8803,7.9998,50.01,Ya
File Teks 10 MB,AES-256-GCM,10485760,551.38,622.01,4.8803,8.0,50.0,Ya
File Teks 10 MB,ChaCha20-Poly1305,10485760,568.47,598.5,4.8803,8.0,50.0,Ya
Dokumen PDF 1,AES-256-GCM,12303288,540.65,521.76,7.9943,8.0,50.0,Ya
Dokumen PDF 1,ChaCha20-Poly1305,12303288,604.71,579.44,7.9943,8.0,50.0,Ya
Dokumen PDF 2,AES-256-GCM,212155,465.65,468.07,7.9708,7.9992,49.99,Ya
Dokumen PDF 2,ChaCha20-Poly1305,212155,461.89,466.37,7.9708,7.9992,50.03,Ya
Gambar BMP,AES-256-GCM,6635574,509.86,495.93,6.6398,8.0,50.0,Ya
Gambar BMP,ChaCha20-Poly1305,6635574,622.73,591.9,6.6398,8.0,50.01,Ya
Gambar JPG 1,AES-256-GCM,107357,516.34,477.57,7.5312,7.9981,49.99,Ya
Gambar JPG 1,ChaCha20-Poly1305,107357,495.19,485.7,7.5312,7.9983,50.02,Ya
Gambar JPG 2,AES-256-GCM,140531,493.8,497.81,7.9753,7.9985,50.03,Ya
Gambar JPG 2,ChaCha20-Poly1305,140531,483.26,601.57,7.9753,7.9986,49.98,Ya
Gambar PNG 1,AES-256-GCM,1400325,472.75,479.49,7.9882,7.9999,50.01,Ya
Gambar PNG 1,ChaCha20-Poly1305,1400325,497.82,499.53,7.9882,7.9999,50.01,Ya
Gambar PNG 2,AES-256-GCM,83400,464.88,479.18,7.9581,7.9979,50.0,Ya
Gambar PNG 2,ChaCha20-Poly1305,83400,485.29,467.25,7.9581,7.9977,49.99,Ya
